学部生,1
院生(修士課程),1
院生(博士後期課程),1
社会人,1
20卒,2
21卒,2
22卒,2
23卒,2
24卒,2
動物,3
旅行,3
スポーツ,3
ダンス,3
お笑い,3
グルメ,3
アウトドア,3
お酒,3
アート,3
読書,3
漫画,3
アニメ,3
ドラマ,3
映画,3
ファッション,3
YouTube,3
英会話,3
カメラ,3
音楽,3
ペット,3
料理,3
釣り,3
温泉,3
キャンプ,3
筋トレ,3
コスプレ,3
カラオケ,3
起業,4
プログラミング,4
動画編集,4
デザイン,4
マーケティング,4
投資,4
アフィリエイト,4
数学,5
統計学,5
形式科学,5
自然科学,5
物理学,5
宇宙科学,5
地球惑星科学,5
化学,5
生物学,5
社会科学,5
政治学,5
法学,5
経済学,5
経営学,5
社会学,5
教育学,5
人文学,5
哲学,5
宗教学,5
言語学・語学,5
人類学・考古学,5
歴史学,5
地理学,5
文学,5
芸術,5
心理学,5
応用科学,5
情報学,5
計算機科学,5
工学,5
建築学,5
デザイン学,5
農学,5
医学,5
歯学,5
薬学,5
健康科学,5
クリエーター,6
エンジニア,6
起業経験,6
就活ガチ勢,6
院進希望,6
インターン,6
留学経験,6
国際交流,6
社会貢献,6